[{"id":"user-image-cpu1.png","publicUrl":"np://user.desktop.nicepage.com/Site_31067909/images/cpu1.png","size":34065,"hash":"y0brV7mQ9e0gYkVtGbujk1W0P7U=","fileName":"cpu1.png","name":"cpu1","width":1920,"height":1080,"thumbnail":{"url":"np://user.desktop.nicepage.com/Site_31067909/images/thumbnails/cpu1.png","width":250,"height":141},"folderId":null,"usages":["15475652"]},{"id":"user-image-cpu.png","publicUrl":"np://user.desktop.nicepage.com/Site_31067909/images/cpu.png","size":30884,"hash":"lCBWeEEX1WWNM/ShQAfBnQE/CE4=","fileName":"cpu.png","name":"cpu","width":1920,"height":1080,"thumbnail":{"url":"np://user.desktop.nicepage.com/Site_31067909/images/thumbnails/cpu.png","width":250,"height":141},"folderId":null,"usages":["15475652"]},{"id":"user-image-624.png","publicUrl":"np://user.desktop.nicepage.com/Site_31067909/images/624.png","size":185431,"hash":"otrTNAOIXhrxqQZY5wVerTqIQDI=","fileName":"624.png","name":"624","width":1770,"height":832,"thumbnail":{"url":"np://user.desktop.nicepage.com/Site_31067909/images/thumbnails/624.png","width":250,"height":118},"folderId":null,"usages":["15475652"]}]